Job ID,Job URL,Job Title,Company Name,Status,Timestamp,WP ID
e94d00ac08ec8f56,https://pl.linkedin.com/jobs/view/speculative-applications-at-szko%C5%82a-j%C4%99zyk%C3%B3w-obcych-bacalarus-4435170580,Speculative applications,,scraped,2026-07-07T02:07:00.100632,
4e86a1f1c13830ec,https://pl.linkedin.com/jobs/view/future-opportunities-in-gbs-at-kingfisher-plc-4218007344,Future opportunities in GBS,,scraped,2026-07-07T02:07:06.603945,
009da457f69f34b5,https://pl.linkedin.com/jobs/view/service-hub-applications-at-nexi-group-4275625009,Service HUB applications,,scraped,2026-07-07T02:07:13.687477,
689d694095610577,https://pl.linkedin.com/jobs/view/agent-at-homfi-4433796861,Agent,,scraped,2026-07-07T02:07:21.029534,
0eb77b8378f1c1c7,https://pl.linkedin.com/jobs/view/pep-poland-at-nexi-group-4206185392,PeP Poland,,scraped,2026-07-07T02:07:29.005603,
5c2381eba81e93b5,https://pl.linkedin.com/jobs/view/wo%C5%BAny-a-kierowca-at-%C5%82%C3%B3dzki-klaster-ict-4436272916,WOŹNY/A/KIEROWCA,Łódzki Klaster ICT,posted,2026-07-07T02:08:24.653636,20
f82d1f034b729528,https://pl.linkedin.com/jobs/view/fme-emea-gbs-candidate-talent-pool-at-fresenius-medical-care-4378665301,FME EMEA GBS Candidate Talent Pool,,scraped,2026-07-07T02:08:27.443408,
af38788c7ba1c2cd,https://pl.linkedin.com/jobs/view/aplikacja-spontaniczna-at-audika-polska-4046509415,Aplikacja spontaniczna,,scraped,2026-07-07T02:08:34.129695,
5adf9f13f12c8eb8,https://pl.linkedin.com/jobs/view/kucharz-%C5%9Bniadaniowy-4433944997,Kucharz śniadaniowy,Amber Restauracja,posted,2026-07-07T02:08:46.697419,22
62d5db720a51609d,https://pl.linkedin.com/jobs/view/dispatcher-at-v2x-inc-4436235569,Dispatcher,V2X Inc,posted,2026-07-07T02:09:13.221189,24
af1b98b680f6b7ce,https://pl.linkedin.com/jobs/view/ontologist-at-profinda-4436335008,Ontologist,,scraped,2026-07-07T02:09:15.940277,
ec6a76aa9055ed08,https://pl.linkedin.com/jobs/view/polernik-szlifierz-k-m-at-sunreef-yachts-4436498302,Polernik - szlifierz (K/M),Sunreef Yachts,posted,2026-07-07T02:09:32.828588,26
cab3321c1d49bb1a,https://pl.linkedin.com/jobs/view/primary-logistics-lead-late-shift-at-capgemini-4434652059,Primary Logistics Lead (Late Shift),,scraped,2026-07-07T02:09:35.503377,
799d2c83a5f91452,https://pl.linkedin.com/jobs/view/kosztorysant-kosztorysantka-at-safe-area-4431935679,Kosztorysant/Kosztorysantka,,scraped,2026-07-07T02:09:41.828358,
e0964a14aa025b45,https://pl.linkedin.com/jobs/view/pakowacz-m-k-n-at-bunge-4418056740,Pakowacz (m/k/n),Bunge,posted,2026-07-07T02:10:09.337713,28
0901fac68675bb9e,https://pl.linkedin.com/jobs/view/police-constable-%E2%80%93-lateral-transfer-at-hamilton-police-male-chorus-4435058456,Police Constable – Lateral Transfer,,scraped,2026-07-07T02:10:12.091033,
8c18a07c74eefdfe,https://pl.linkedin.com/jobs/view/native-speaker-at-szko%C5%82a-j%C4%99zyk%C3%B3w-obcych-bacalarus-4435186327,Native speaker,,scraped,2026-07-07T02:10:42.756999,
3d2d5cec4cad209c,https://pl.linkedin.com/jobs/view/pracownik-dzia%C5%82u-inwestycji-4433109410,Pracownik działu inwestycji,Vistula Inwestycje sp. z o.o.,posted,2026-07-07T02:10:54.257365,30
2e8373682cad2c6f,https://pl.linkedin.com/jobs/view/infra-silesia-s-a-nastawniczy-nastawnicza-at-deutsche-bahn-4379226054,Infra SILESIA S.A. nastawniczy / nastawnicza,,scraped,2026-07-07T02:10:56.879408,
9dde27ad171e49ef,https://pl.linkedin.com/jobs/view/security-and-loss-prevention-specialist-wwos-loss-prevention-at-amazon-4427581533,"Security and Loss Prevention Specialist, WWOS, Loss Prevention",Amazon,posted,2026-07-07T02:11:58.815676,32
f5029c584c0259d2,https://pl.linkedin.com/jobs/view/warehouseman-at-rockwool-group-4437195572,Warehouseman,,scraped,2026-07-07T02:12:01.415327,
e54bb1eb394be280,https://pl.linkedin.com/jobs/view/loss-prevention-specialist-at-allegro-4408224763,Loss Prevention Specialist,,scraped,2026-07-07T02:12:08.447383,
06ad35e67ad08ecc,https://pl.linkedin.com/jobs/view/ai-automation-specialist-4436362125,AI & Automation Specialist,Stonegate Capital AG,posted,2026-07-07T02:12:20.672481,34
ec672abf6708ab7e,https://pl.linkedin.com/jobs/view/lakiernik-k-m-at-spx-flow-inc-4412121687,Lakiernik ( k/m),,scraped,2026-07-07T02:12:23.364635,
24ac373139a78ef0,https://pl.linkedin.com/jobs/view/expense-administrator-at-nov-4406063208,Expense Administrator,,scraped,2026-07-07T02:12:30.623212,
39b14da663554d1c,https://pl.linkedin.com/jobs/view/dyspozytor-at-kell-sp-z-o-o-sp-kom-4433147944,Dyspozytor,,scraped,2026-07-07T02:12:37.770932,
784d4574acad39b8,https://pl.linkedin.com/jobs/view/osoba-na-stanowisku-%C5%9Blusarz-at-deutsche-bahn-4418472164,osoba na stanowisku: ślusarz,,scraped,2026-07-07T02:12:44.610061,
1e8bd34a4c96ee2f,https://pl.linkedin.com/jobs/view/pr%C3%B3bkobiorca-kierowca-k-m-at-j-s-hamilton-4436487829,Próbkobiorca-Kierowca (k/m),J.S. Hamilton,posted,2026-07-07T02:14:26.383928,36
b22641eee1f0f5da,https://pl.linkedin.com/jobs/view/italy-payroll-officer-at-state-street-4429305348,Italy Payroll Officer,,scraped,2026-07-07T02:14:29.112896,
b7c8aa1acb87c663,https://pl.linkedin.com/jobs/view/pracownik-gospodarczy-k-m-at-grupa-hunters-sp-z-o-o-4434349525,Pracownik gospodarczy (K/M),,scraped,2026-07-07T02:14:41.380679,
c865a4ec66cabdc6,https://pl.linkedin.com/jobs/view/monter-turbin-m-k-n-at-ge-vernova-4348374742,Monter turbin (m/k/n),,scraped,2026-07-07T02:14:48.148477,
3dd7db4927c0edc7,https://pl.linkedin.com/jobs/view/infrastructure-auditor-at-dietly-4435807521,Infrastructure Auditor,,scraped,2026-07-07T02:15:15.131298,
054eb26e76bba55f,https://pl.linkedin.com/jobs/view/general-manager-at-cactus-club-cafe-4243873828,General Manager,,scraped,2026-07-07T02:15:22.082323,
785c8a99bfc2cb25,https://pl.linkedin.com/jobs/view/strategic-buyer-at-gea-group-4400529711,Strategic Buyer,,scraped,2026-07-07T02:15:28.542468,
cd4d8d72871ace95,https://pl.linkedin.com/jobs/view/dekorator-dekoratorka-visual-merchandiser-at-h-m-4435598928,Dekorator / Dekoratorka - Visual Merchandiser,H&M,posted,2026-07-07T02:15:47.284380,38
eb3b0cecfdd0009f,https://pl.linkedin.com/jobs/view/kupiec-k-m-at-grupa-maspex-4436714232,Kupiec (k/m),,scraped,2026-07-07T02:15:49.905810,
235a0412e0d0fa7b,https://pl.linkedin.com/jobs/view/offre-25-26-310-intendant-e-responsable-des-services-g%C3%A9n%C3%A9raux-h-f-13-at-snceel-organisation-professionnelle-au-service-des-chefs-d%E2%80%99%C3%A9tablissement-d%E2%80%99enseignement-libre-4435792937,Offre 25-26/310 Intendant(e) Responsable des services généraux (H/F) (13),,scraped,2026-07-07T02:15:57.414822,
ba95d3afcd3a50a8,https://pl.linkedin.com/jobs/view/lublin-pomoc-apteczna-at-praca-farmacja-pl-4435027307,LUBLIN - Pomoc Apteczna,praca.farmacja.pl,posted,2026-07-07T02:16:14.902056,40
74dfa881f7170759,https://pl.linkedin.com/jobs/view/po%C5%82o%C5%BCna-po%C5%82o%C5%BCny-at-jutro-medical-4436400854,Położna / Położny,,scraped,2026-07-07T02:16:17.523099,
73bfe5c14c40923f,https://pl.linkedin.com/jobs/view/spedytor-dyspozytor-transportu-4437174174,Spedytor / Dyspozytor transportu,Wlascicie,posted,2026-07-07T02:17:35.460707,42
9761b7c332d066e5,https://pl.linkedin.com/jobs/view/sap-btp-specialist-at-leadec-4437193096,SAP BTP Specialist,,scraped,2026-07-07T02:17:38.247506,
21807ee6f1a4f43c,https://pl.linkedin.com/jobs/view/pracownik-sklepu-at-action-4415941172,Pracownik Sklepu,,scraped,2026-07-07T02:17:46.258113,
a6421bf593e5e6e8,https://pl.linkedin.com/jobs/view/dekorator-dekoratorka-visual-merchandiser-at-h-m-4427524666,Dekorator / Dekoratorka - Visual Merchandiser,H&M,posted,2026-07-07T02:18:00.369501,38
f0d63ed16541e313,https://pl.linkedin.com/jobs/view/kierownik-apteki-12-000-netto-go%C5%82dap-at-praca-farmacja-pl-4435289696,Kierownik apteki- 12 000 netto- Gołdap,praca.farmacja.pl,posted,2026-07-07T02:18:13.932804,44
3f378dedf0a4f053,https://pl.linkedin.com/jobs/view/personal-lines-and-autoplan-advisor-at-insurance-brokers-association-of-bc-4435335964,Personal Lines and Autoplan Advisor,,scraped,2026-07-07T02:18:16.551521,
933c8ebf22636979,https://pl.linkedin.com/jobs/view/technical-office-specialist-at-global4net-powered-by-univio-4435525638,Technical Office Specialist,,scraped,2026-07-07T02:18:23.745057,
a91962eb2815dce7,https://pl.linkedin.com/jobs/view/krawcowa-krawiec-at-niro-sp-z-o-o-4435892799,Krawcowa / Krawiec,,scraped,2026-07-07T02:19:34.143802,
35788fc331515705,https://pl.linkedin.com/jobs/view/stanowisko-specjalistyczne-ds-costingu-at-brose-sitech-group-4436497866,Stanowisko specjalistyczne ds. costingu,,scraped,2026-07-07T02:19:40.863934,
4ae4549525b14263,https://pl.linkedin.com/jobs/view/trener-k-m-at-jabil-4435418855,Trener (k/m),,scraped,2026-07-07T02:19:48.955731,
d54a73d19a75da3d,https://pl.linkedin.com/jobs/view/offre-25-26-390-agent-polyvalent-technique-et-entretien-h-f-31-at-snceel-organisation-professionnelle-au-service-des-chefs-d%E2%80%99%C3%A9tablissement-d%E2%80%99enseignement-libre-4434949908,Offre 25-26/390 Agent Polyvalent Technique et Entretien (H/F) (31),,scraped,2026-07-07T02:20:02.534276,
d518171a06e0d93c,https://pl.linkedin.com/jobs/view/global-scada-cafm-specialist-global-facility-management-at-amrest-4435044510,Global SCADA & CAFM Specialist - Global Facility Management,,scraped,2026-07-07T02:20:09.724175,
c649b4136102547d,https://pl.linkedin.com/jobs/view/sorter-am-at-ups-4426151082,Sorter AM,UPS,posted,2026-07-07T02:21:50.872494,46
5f2538a94654f85f,https://pl.linkedin.com/jobs/view/contract-and-compensation-coordinator-at-milestone-one-4432750798,Contract and Compensation Coordinator,Milestone One,posted,2026-07-07T02:23:08.657762,48
1df28f229ff8d0cf,https://pl.linkedin.com/jobs/view/aplikacja-spontaniczna-%E2%80%93-produkcja-at-the-customization-group-4218373720,Aplikacja spontaniczna – Produkcja,,scraped,2026-07-07T02:23:11.385708,
756f6385bbccf63d,https://pl.linkedin.com/jobs/view/specjalistka-specjalista-ds-szkole%C5%84-at-liga-obrony-kraju-4436795300,Specjalistka / Specjalista ds. Szkoleń,Liga Obrony Kraju,posted,2026-07-07T02:23:24.713745,50
035ff483e04fa6ee,https://pl.linkedin.com/jobs/view/international-category-buyer-%40-katowice-at-veo-worldwide-services-4437171299,International Category Buyer @ Katowice,,scraped,2026-07-07T02:23:27.438773,
65e9867a7e64d0b2,https://pl.linkedin.com/jobs/view/operator-ka-kraw%C4%99dziarko-okleiniarki-at-ikea-4437171328,Operator/-ka Krawędziarko-Okleiniarki,,scraped,2026-07-07T02:23:34.543328,
fe85fbde3dfd848e,https://pl.linkedin.com/jobs/view/assistant-store-manager-m-k-x-at-primark-4436193246,Assistant Store Manager (M/K/X),,scraped,2026-07-07T02:23:41.468342,
06a07cd532ca0c0c,https://pl.linkedin.com/jobs/view/fisheries-stakeholder-specialist-at-ow-ocean-winds-4432773113,Fisheries Stakeholder Specialist,,scraped,2026-07-07T02:23:47.861893,
419cae5f0abe9cf8,https://pl.linkedin.com/jobs/view/dyspozytor-k-m-at-fedex-4425495380,Dyspozytor (k/m),FedEx,posted,2026-07-07T02:24:05.135899,52
bbe8200f90eff856,https://pl.linkedin.com/jobs/view/payroll-specialist-at-hewlett-packard-enterprise-4432052086,Payroll Specialist,Hewlett Packard Enterprise,posted,2026-07-07T02:24:53.615589,54
9916eced029cd883,https://pl.linkedin.com/jobs/view/specjalista-ka-ds-kadr-at-adampol-s-a-4432773887,Specjalista/ka ds. kadr,,scraped,2026-07-07T02:24:56.219959,
49fa78136ae9ea9f,https://pl.linkedin.com/jobs/view/specjalista-floty-at-speedeo-4437177281,Specjalista Floty,Speedeo,posted,2026-07-07T02:25:13.243832,56
3c2f67fe48d4a145,https://pl.linkedin.com/jobs/view/specjalista-ds-zam%C3%B3wie%C5%84-publicznych-at-fcc-polska-4435534609,Specjalista ds. zamówień publicznych,FCC Polska,posted,2026-07-07T02:25:24.569702,58
bddf4e2d3b77eb2b,https://pl.linkedin.com/jobs/view/call-clicker-with-english-at-u-s-bank-4435803830,Call Clicker with English,,scraped,2026-07-07T02:25:27.272236,
ced13837d8d8e155,https://pl.linkedin.com/jobs/view/junior-contract-specialist-at-verisk-4436390126,Junior Contract Specialist,Verisk,posted,2026-07-07T02:26:11.764901,60
0458351b3c135813,https://pl.linkedin.com/jobs/view/m%C5%82odszy-spedytor-at-rs-group-sp-z-o-o-4432365573,Młodszy spedytor,,scraped,2026-07-07T02:26:14.520309,
c2e88b86211f3c19,https://pl.linkedin.com/jobs/view/ksi%C4%99gowy-at-gembicka-wilk-consulting-tax-law-sp-z-o-o-4431926598,Księgowy,,scraped,2026-07-07T02:26:22.375358,
2e4e35c965c916c3,https://pl.linkedin.com/jobs/view/specjalista-specjalistka-ds-ofertowania-pricing-proposal-specialist-at-brainstorm-group-sp-z-o-o-4433104197,Specjalista / Specjalistka ds. Ofertowania (Pricing & Proposal Specialist),,scraped,2026-07-07T02:26:33.592545,
eeddbaa989489f11,https://pl.linkedin.com/jobs/view/spedytorka-spedytor-morski-na-rynek-usa-at-new-wave-international-cargo-4437425902,Spedytorka / Spedytor Morski na rynek USA,New Wave International Cargo,posted,2026-07-07T02:26:47.775752,62
1c13482259bc7ab4,https://pl.linkedin.com/jobs/view/osoba-do-prac-budowlanych-przy-budowie-dr%C3%B3g-at-%C5%82%C3%B3dzki-klaster-ict-4436006936,OSOBA DO PRAC BUDOWLANYCH PRZY BUDOWIE DRÓG,Łódzki Klaster ICT,posted,2026-07-07T02:27:34.532359,64
90755889b476a420,https://pl.linkedin.com/jobs/view/inspektor-inspektorka-at-top-100-kancelarii-4434603197,inspektor/inspektorka,TOP 100 KANCELARII,posted,2026-07-07T02:27:45.905345,66
5a8b9f25692dc960,https://pl.linkedin.com/jobs/view/ogrodnik-at-%C5%82%C3%B3dzki-klaster-ict-4436020508,OGRODNIK,Łódzki Klaster ICT,posted,2026-07-07T02:28:33.210736,68
79f8dd6879ccd9b5,https://pl.linkedin.com/jobs/view/konserwator-at-%C5%82%C3%B3dzki-klaster-ict-4435297515,KONSERWATOR,Łódzki Klaster ICT,posted,2026-07-07T02:29:20.088219,70
965db2c122711a09,https://pl.linkedin.com/jobs/view/wychowawca-wychowawczyni-at-%C5%82%C3%B3dzki-klaster-ict-4435024372,WYCHOWAWCA / WYCHOWAWCZYNI,Łódzki Klaster ICT,posted,2026-07-07T02:30:08.315941,72
a20b5d4fd27993cf,https://pl.linkedin.com/jobs/view/pracownik-pracownica-fizyczny-na-at-%C5%82%C3%B3dzki-klaster-ict-4435406097,PRACOWNIK/ PRACOWNICA FIZYCZNY/NA,Łódzki Klaster ICT,posted,2026-07-07T02:30:44.159642,74
6222b7088b814b46,https://pl.linkedin.com/jobs/view/pracownik-utrzymania-most%C3%B3w-k-m-at-%C5%82%C3%B3dzki-klaster-ict-4435295627,PRACOWNIK UTRZYMANIA MOSTÓW K/M,Łódzki Klaster ICT,posted,2026-07-07T02:31:31.935100,76
1ede916e395499ad,https://pl.linkedin.com/jobs/view/szwacz-szwaczka-at-%C5%82%C3%B3dzki-klaster-ict-4435016525,SZWACZ/SZWACZKA,Łódzki Klaster ICT,posted,2026-07-07T02:33:23.532434,78
fb38387c637ebb95,https://pl.linkedin.com/jobs/view/inspektor-wojew%C3%B3dzki-inspektorka-wojew%C3%B3dzka-at-top-100-kancelarii-4435718424,inspektor wojewódzki/inspektorka wojewódzka,TOP 100 KANCELARII,posted,2026-07-07T02:34:39.149354,80
afc1a84b3e804cda,https://pl.linkedin.com/jobs/view/referent-referentka-at-top-100-kancelarii-4435722236,referent/referentka,TOP 100 KANCELARII,posted,2026-07-07T02:35:21.627745,82
8f4cd587ccf0b0f1,https://pl.linkedin.com/jobs/view/artist-label-success-coordinator-m-f-d-freelance-%C2%A0remote-at-feiyr-4433174012,Artist & Label Success Coordinator (m/f/d) - freelance | remote,,scraped,2026-07-07T02:35:24.251599,
398346386b99f5e5,https://pl.linkedin.com/jobs/view/specjalista-specjalistka-osoba-specjalistyczna-ds-wsparcia-edukacyjnego-warszawa-at-fundacja-ocalenie-ocalenie-foundation-4436313966,Specjalista/Specjalistka/Osoba specjalistyczna ds. wsparcia edukacyjnego (Warszawa),,scraped,2026-07-07T02:35:30.943175,
e31598c8b5f3c555,https://pl.linkedin.com/jobs/view/executive-assistant-at-opella-4425608511,Executive Assistant,,scraped,2026-07-07T02:35:39.060494,
77e34b0fa73f4813,https://pl.linkedin.com/jobs/view/sr-full-stack-net-developer-remote-contract-at-infuse-4435169113,"Sr. Full Stack .NET Developer (Remote, Contract)",,scraped,2026-07-07T02:35:46.445047,
5c24285e9cf3d07c,https://pl.linkedin.com/jobs/view/regional-logistic-coordinator-m-w-d-at-tiens-europe-region-4432335918,Regional Logistic Coordinator (m/w/d),,scraped,2026-07-07T02:36:17.340252,
8845ec33548dae39,https://pl.linkedin.com/jobs/view/technical-author-multiple-roles-and-seniority-levels-at-jobgether-4435778348,Technical Author (multiple roles and seniority levels),,scraped,2026-07-07T02:36:24.150751,
449d0c3471465e77,https://pl.linkedin.com/jobs/view/social-media-content-specialist-at-saatchi-saatchi-poland-4426948150,Social Media & Content Specialist,,scraped,2026-07-07T02:36:30.521659,
2bd55b1d540aa008,https://pl.linkedin.com/jobs/view/head-of-brand-partnerships-at-c-d-talent-advisory-academy-4431574075,Head of Brand & Partnerships,,scraped,2026-07-07T02:37:41.891751,
f691e82555223974,https://pl.linkedin.com/jobs/view/head-of-brand-partnerships-at-c-d-talent-advisory-academy-4431568129,Head of Brand & Partnerships,,scraped,2026-07-07T02:38:18.860864,
81f3937e6613fe8d,https://pl.linkedin.com/jobs/view/specjalista-specjalistka-ds-obs%C5%82ugi-organ%C3%B3w-sp%C3%B3%C5%82ki-i-zarz%C4%85du-at-praca-pl-4436785843,Specjalista / Specjalistka ds. obsługi organów spółki i zarządu,,scraped,2026-07-07T02:38:31.357969,
eb24af67868f7529,https://pl.linkedin.com/jobs/view/sprzedawca-sprzedawczyni-lotto-bia%C5%82a-podlaska-radzy%C5%84-podlaski-at-totalizator-sportowy-4436949396,Sprzedawca / Sprzedawczyni LOTTO Biała Podlaska / Radzyń Podlaski,Totalizator Sportowy,posted,2026-07-07T02:38:52.449296,84
1a1f332241f3427e,https://pl.linkedin.com/jobs/view/key-account-manager-at-estorelabs-4437180081,Key Account Manager,,scraped,2026-07-07T02:38:55.182455,
029074f312569fce,https://pl.linkedin.com/jobs/view/wicedyrektor-szko%C5%82y-at-centrum-nauki-i-biznesu-%C5%BCak-4433933917,Wicedyrektor Szkoły,,scraped,2026-07-07T02:39:02.517858,
27befe9566338b7e,https://pl.linkedin.com/jobs/view/sprzedawca-sprzedawczyni-lotto-tarn%C3%B3w-at-totalizator-sportowy-4436947443,Sprzedawca / Sprzedawczyni LOTTO Tarnów,Totalizator Sportowy,posted,2026-07-07T02:39:22.475531,86
56fcaa6a45e2bc01,https://pl.linkedin.com/jobs/view/category-manager-nivea-at-beiersdorf-4433707375,Category Manager - NIVEA,,scraped,2026-07-07T02:39:25.129234,
b0cac0250d02cb36,https://pl.linkedin.com/jobs/view/bim-architect-designer-junior-architect-poland-at-mva-concepts-4437404498,BIM Architect / Designer / Junior Architect (POLAND),,scraped,2026-07-07T02:39:32.080224,
589405f2b4eddf4e,https://pl.linkedin.com/jobs/view/specjalista-ds-jako%C5%9Bci-specjalistka-ds-jako%C5%9Bci-at-praca-pl-4436796301,Specjalista ds. Jakości / Specjalistka ds. Jakości,,scraped,2026-07-07T02:39:53.298525,
9b26d9be20f8d5bd,https://pl.linkedin.com/jobs/view/junior-rekruter-at-ipracujzdalnie-pl-4437102940,Junior Rekruter,,scraped,2026-07-07T02:40:00.273143,
1a371a218e8ddc0a,https://pl.linkedin.com/jobs/view/specjalista-specjalistka-osoba-specjalistyczna-ds-wsparcia-edukacyjnego-warszawa-at-fundacja-ocalenie-ocalenie-foundation-4436325280,Specjalista/Specjalistka/Osoba specjalistyczna ds. wsparcia edukacyjnego (Warszawa),,scraped,2026-07-07T02:40:06.849868,
347d9f9f33f3f2f3,https://pl.linkedin.com/jobs/view/specjalista-specjalistka-ds-jako%C5%9Bci-sieci-w%C5%82asnej-i-salon%C3%B3w-gier-na-automatach-at-totalizator-sportowy-4436943476,Specjalista / Specjalistka ds. jakości sieci własnej i Salonów Gier na Automatach,Totalizator Sportowy,posted,2026-07-07T02:40:27.356850,88
8a26e65e06e550e8,https://pl.linkedin.com/jobs/view/graduate-area-manager-szczecin-at-amazon-4428172704,Graduate Area Manager - Szczecin,Amazon,posted,2026-07-07T02:40:51.680481,90
93040113b2730c18,https://pl.linkedin.com/jobs/view/ksi%C4%99gowy-firmy-at-klinika-zdybski-4431959617,Księgowy firmy,,scraped,2026-07-07T02:40:54.325998,
d5e3448ffacc0b5b,https://pl.linkedin.com/jobs/view/starszy-inspektor-starsza-inspektorka-at-top-100-kancelarii-4435401344,starszy inspektor/starsza inspektorka,TOP 100 KANCELARII,posted,2026-07-07T02:41:39.644933,92
8e96af5f2eef47e1,https://pl.linkedin.com/jobs/view/local-branch-management-specialist-pozna%C5%84-at-zoomlion-4408247241,Local Branch Management Specialist (Poznań),,scraped,2026-07-07T02:41:42.362894,
e6d3a0075f09c939,https://pl.linkedin.com/jobs/view/senior-developer-at-luxoft-4435596980,Senior Developer,,scraped,2026-07-07T02:41:49.482972,
1e11d135f378f7b9,https://pl.linkedin.com/jobs/view/workplace-coordinator-at-cbre-4437196766,Workplace Coordinator,CBRE,posted,2026-07-07T02:42:33.802528,94
2e0d8cb957ad8dd5,https://pl.linkedin.com/jobs/view/project-manager-at-insight-international-uk-ltd-4435457107,Project Manager,,scraped,2026-07-07T02:42:36.509301,
38a25debcd26ad64,https://pl.linkedin.com/jobs/view/specjalista-specjalistka-at-top-100-kancelarii-4435716424,specjalista/specjalistka,TOP 100 KANCELARII,posted,2026-07-07T02:43:55.824107,96
beb1da7dba7cbb12,https://pl.linkedin.com/jobs/view/nauczyciel-ka-j%C4%99zyka-angielskiego-at-%C5%82%C3%B3dzki-klaster-ict-4435295630,NAUCZYCIEL/KA JĘZYKA ANGIELSKIEGO,Łódzki Klaster ICT,posted,2026-07-07T02:44:42.427218,98
194c3910d372db4f,https://pl.linkedin.com/jobs/view/pracownik-pracownica-sklepu-at-action-4436228580,Pracownik/Pracownica Sklepu,,scraped,2026-07-07T02:44:45.084571,
ad8f04f3d7c12db9,https://pl.linkedin.com/jobs/view/specjalista-specjalistka-ds-handlu-i-zakup%C3%B3w-at-praca-pl-4436413387,Specjalista  / Specjalistka ds. handlu i zakupów,,scraped,2026-07-07T02:44:53.794549,
9005baa39077da5d,https://pl.linkedin.com/jobs/view/koordynator-ds-dost%C4%99pno%C5%9Bci-k-m-at-%C5%82%C3%B3dzki-klaster-ict-4435722235,KOORDYNATOR DS. DOSTĘPNOŚCI (K/M),Łódzki Klaster ICT,posted,2026-07-07T02:45:34.125540,100
582df46c306d7343,https://pl.linkedin.com/jobs/view/area-manager-eastern-europe-f-h-at-delta-plus-polska-4437409250,Area Manager Eastern Europe F/H,,scraped,2026-07-07T02:45:36.966381,
bce02da73321e549,https://pl.linkedin.com/jobs/view/counsel-business-and-legal-affairs-cee-at-netflix-4433998745,"Counsel, Business and Legal Affairs - CEE",,scraped,2026-07-07T02:45:44.059876,
3071ceffad93b009,https://pl.linkedin.com/jobs/view/specjalista-specjalistka-ds-telefonicznej-obs%C5%82ugi-pacjenta-at-corten-medic-4437452689,Specjalista / Specjalistka ds. Telefonicznej Obsługi Pacjenta,Corten Medic,posted,2026-07-07T02:48:44.194454,102
949032a5c34fa31f,https://pl.linkedin.com/jobs/view/technical-program-manager-tpm-at-jobgether-4436070883,Technical Program Manager (TPM),,scraped,2026-07-07T02:48:46.861059,
070fd850198f062d,https://pl.linkedin.com/jobs/view/brand-and-content-intern-at-himalaya-wellness-europe-4436732719,Brand and Content Intern,,scraped,2026-07-07T02:48:53.444082,
7b800270e789b1a4,https://pl.linkedin.com/jobs/view/research-engineer-%E2%80%94-rlvr-environments-at-arimlabs-4434308577,Research Engineer — RLVR environments,,scraped,2026-07-07T02:49:00.344287,
01b49ccd032425ca,https://pl.linkedin.com/jobs/view/content-engineer-part-time-at-foundation-marketing-4436717529,Content Engineer (part-time),,scraped,2026-07-07T02:49:14.501355,
5a3b2114210c571c,https://pl.linkedin.com/jobs/view/account-manager-poland-at-flosum-4437199941,Account Manager (Poland),,scraped,2026-07-07T02:50:25.136689,
79fcec535da061e7,https://pl.linkedin.com/jobs/view/head-of-information-technology-at-connexio-search-4433120459,Head of Information Technology,,scraped,2026-07-07T02:51:35.822212,
9e37f28df6a8bd07,https://pl.linkedin.com/jobs/view/m%C5%82odszy-specjalista-ds-operacyjnych-m-k-at-balticon-s-a-4434988952,Młodszy Specjalista ds. Operacyjnych (M/K),,scraped,2026-07-07T02:52:58.261105,
ba6b05cef1fd7888,https://pl.linkedin.com/jobs/view/product-designer-ux-ui-at-stx-next-4437424937,Product Designer (UX/UI),,scraped,2026-07-07T02:53:06.904297,
0cdf1a277929f59d,https://pl.linkedin.com/jobs/view/sales-market-sales-controller-at-h-m-4437178475,Sales Market Sales Controller,H&M,posted,2026-07-07T02:53:24.180885,104
df529a83dde1ad76,https://pl.linkedin.com/jobs/view/specjalistka-specjalista-ds-ofertowania-at-praca-pl-4436784860,Specjalistka / Specjalista ds. Ofertowania,,scraped,2026-07-07T02:53:26.944785,
3161704dc34d3b6b,https://pl.linkedin.com/jobs/view/doradca-klienta-sprzedawca-w-salonie-odzie%C5%BCowym-at-caterina-leman-nal-sp-z-o-o-4435306767,Doradca Klienta - Sprzedawca w Salonie Odzieżowym,,scraped,2026-07-07T02:53:34.186798,
900efa417665cc95,https://pl.linkedin.com/jobs/view/head-of-it-at-balticon-s-a-4436766742,Head of IT,,scraped,2026-07-07T02:53:40.935990,
c7f1073f0307e70d,https://pl.linkedin.com/jobs/view/specjalistka-specjalista-ds-fundraisingu-i-obs%C5%82ugi-beneficjent%C3%B3w-at-praca-pl-4436901213,Specjalistka / Specjalista ds. Fundraisingu i Obsługi Beneficjentów,,scraped,2026-07-07T02:53:49.085762,
7c2509f613994820,https://pl.linkedin.com/jobs/view/recruiter-360-at-ipracujzdalnie-pl-4436767263,Recruiter 360,,scraped,2026-07-07T02:53:56.498159,
2bcef4934db29004,https://pl.linkedin.com/jobs/view/m%C5%82odszy-specjalista-m%C5%82odsza-specjalistka-ds-sprzeda%C5%BCy-eksportowej-at-praca-pl-4436103147,Młodszy Specjalista / Młodsza Specjalistka ds. Sprzedaży Eksportowej,,scraped,2026-07-07T02:54:04.515044,
d472aea3a5e33c78,https://pl.linkedin.com/jobs/view/marketing-pr-outreach-mentorship-at-jobgether-4435426549,Marketing & PR Outreach Mentorship,,scraped,2026-07-07T02:54:11.849110,
28e20e3125ae1644,https://pl.linkedin.com/jobs/view/freelance-annotator-english-ai-trainer-at-toloka-annotators-4437187484,Freelance Annotator (English) - AI Trainer,Toloka Annotators,posted,2026-07-07T02:54:24.211521,106
f138eea840ec8457,https://pl.linkedin.com/jobs/view/piel%C4%99gniarka-piel%C4%99gniarz-at-praca-pl-4435197893,Pielęgniarka / Pielęgniarz,,scraped,2026-07-07T02:54:27.080416,
9ab827ce0f4ca045,https://pl.linkedin.com/jobs/view/claims-processing-agent-freelance-ai-trainer-at-mindrift-4432392069,Claims Processing Agent - Freelance AI Trainer,,scraped,2026-07-07T02:54:34.265343,
ecaea205279efaba,https://pl.linkedin.com/jobs/view/specjalista-specjalistka-ds-handlu-i-zakup%C3%B3w-at-praca-pl-4436408585,Specjalista  / Specjalistka ds. handlu i zakupów,,scraped,2026-07-07T02:54:48.736961,
bb358f5f5f4337ee,https://pl.linkedin.com/jobs/view/kierownik-operacyjny-k-m-at-amlux-sp-z-o-o-4437119441,Kierownik Operacyjny ( K/M),,scraped,2026-07-07T02:55:59.509481,
ab60627bd0e1e23e,https://pl.linkedin.com/jobs/view/business-analyst-functional-regulatory-reporting-at-revolut-4362616480,Business Analyst (Functional Regulatory Reporting),,scraped,2026-07-07T02:56:09.363311,
2faad2a642dd8a2f,https://pl.linkedin.com/jobs/view/compliance-analyst-freelance-ai-trainer-at-mindrift-4432354111,Compliance Analyst - Freelance AI Trainer,,scraped,2026-07-07T02:56:16.159126,
84118f0628904097,https://pl.linkedin.com/jobs/view/specjalistka-specjalista-ds-gospodarki-magazynowej-at-praca-pl-4436971316,Specjalistka / Specjalista ds. Gospodarki Magazynowej,,scraped,2026-07-07T02:56:33.565604,
a9fa8e0f7b5101d1,https://pl.linkedin.com/jobs/view/location-support-specialist-at-h-m-4437171911,Location Support Specialist,H&M,posted,2026-07-07T02:57:54.430486,108
9dc49446a5d109fe,https://pl.linkedin.com/jobs/view/python-developer-at-talent-complete-4436302970,Python Developer,Talent Complete,posted,2026-07-07T02:58:06.500162,110
4b7a773209803bca,https://pl.linkedin.com/jobs/view/specjalista-tka-ds-sieci-quest%C3%B3w-at-fundacja-mapa-pasji-4433937216,Specjalista/tka ds. sieci questów,,scraped,2026-07-07T02:58:09.197337,
42c0a19e3915aa24,https://pl.linkedin.com/jobs/view/community-engagement-coordinator-at-cleveland-division-of-police-4436434643,Community Engagement Coordinator,,scraped,2026-07-07T02:58:24.375077,
38bdd9b6e9c50c29,https://pl.linkedin.com/jobs/view/international-payroll-specialist-12-months-maternity-cover-at-oliver-the-brandtech-group-4435217800,International Payroll Specialist (12-months maternity cover),,scraped,2026-07-07T02:58:31.778982,
26cf305c8159843a,https://pl.linkedin.com/jobs/view/operator-produkcji-m-k-at-umicore-4422270722,Operator Produkcji (M/K),,scraped,2026-07-07T02:58:38.635418,
a6d75cfd9f414e13,https://pl.linkedin.com/jobs/view/quantity-surveyor-cost-manager-at-arcadis-4417463410,Quantity Surveyor / Cost Manager,,scraped,2026-07-07T02:58:46.067023,
6e1d323203dc42b1,https://pl.linkedin.com/jobs/view/kwalifikowany-pracownik-ochrony-k-m-at-grupa-hunters-sp-z-o-o-4434356104,Kwalifikowany pracownik ochrony (K/M),,scraped,2026-07-07T02:58:53.025300,
0d16a1085167e915,https://pl.linkedin.com/jobs/view/resource-manager-at-aptiv-4437137975,Resource Manager,,scraped,2026-07-07T02:58:59.703410,
b7755a2d3964dd6b,https://pl.linkedin.com/jobs/view/billing-specialist-at-dentons-4436700129,Billing Specialist,,scraped,2026-07-07T03:00:09.893439,
b9c6bd38fa985c5c,https://pl.linkedin.com/jobs/view/maszynista-maszynistka-pojazd%C3%B3w-trakcyjnych-at-deutsche-bahn-4417447530,maszynista / maszynistka pojazdów trakcyjnych,,scraped,2026-07-07T03:00:16.309609,
8aa2dea8814a45f4,https://pl.linkedin.com/jobs/view/inspektor-ka-ds-jako%C5%9Bci-at-vestas-4427011133,Inspektor/ka ds. Jakości,,scraped,2026-07-07T03:00:24.312253,
2a10cba639877010,https://pl.linkedin.com/jobs/view/project-controls-graduate-katowice-poland-at-hatch-4393492442,"Project Controls - Graduate (Katowice, Poland)",Hatch,posted,2026-07-07T03:01:17.296289,112
0ab8d29dc958a62f,https://pl.linkedin.com/jobs/view/quality-inspector-at-huber%2Bsuhner-4431742333,Quality Inspector,,scraped,2026-07-07T03:01:20.017256,
3c76989a46e2ec2b,https://pl.linkedin.com/jobs/view/police-police-officer-lateral-entry-2026-at-village-of-libertyville-4434937507,Police - Police Officer (Lateral Entry) 2026,,scraped,2026-07-07T03:01:27.220291,
ab10a1741ae15b07,https://pl.linkedin.com/jobs/view/fraud-alert-specialist-at-ing-hubs-poland-4435454973,Fraud Alert Specialist,,scraped,2026-07-07T03:01:46.878367,
6b935ba9a0a525cb,https://pl.linkedin.com/jobs/view/emea-payroll-specialist-at-gamblingcareers-com-4437480467,EMEA Payroll Specialist,GamblingCareers.com,posted,2026-07-07T03:02:03.775556,114
30d15a9634743643,https://pl.linkedin.com/jobs/view/merchandiser-pomocnik-sklepu-k-m-x-at-ipracujzdalnie-pl-4435024395,"MERCHANDISER (pomocnik sklepu) (K,M,X)",,scraped,2026-07-07T03:02:06.411617,
9ba04722ccefd0bd,https://pl.linkedin.com/jobs/view/senior-paid-media-specialist-sem-paid-social-at-arcanys-4435406575,Senior Paid Media Specialist (SEM / Paid Social),,scraped,2026-07-07T03:02:13.786156,
723fc14c7a6a1bb5,https://pl.linkedin.com/jobs/view/global-mobile-administrator-at-adient-4418797326,Global Mobile Administrator,,scraped,2026-07-07T03:02:20.426176,
cc2436fe530f0e67,https://pl.linkedin.com/jobs/view/lektor-j%C4%99zyka-angielskiego-at-szko%C5%82a-j%C4%99zyk%C3%B3w-obcych-bacalarus-4435177511,Lektor języka angielskiego,,scraped,2026-07-07T03:02:27.436492,
41c71eab139bc0a6,https://pl.linkedin.com/jobs/view/referent-prawny-referentka-prawna-at-top-100-kancelarii-4434384887,referent prawny/referentka prawna,TOP 100 KANCELARII,posted,2026-07-07T03:03:53.700470,116
043b0ceaf8bf3fd4,https://pl.linkedin.com/jobs/view/sprzedawca-sprzedawczyni-dzia%C5%82u-mi%C4%99sno-w%C4%99dliniarskiego-at-praca-pl-4436102231,Sprzedawca / Sprzedawczyni działu mięsno-wędliniarskiego,,scraped,2026-07-07T03:03:56.388473,
1c665fc2220cfc5f,https://pl.linkedin.com/jobs/view/business-development-manager-at-it-squad-4434998167,Business Development Manager,,scraped,2026-07-07T03:04:03.567009,
d70bb9500abb71d7,https://pl.linkedin.com/jobs/view/%D1%84%D0%B0%D1%85%D1%96%D0%B2%D1%86%D1%96-%D0%B7%D1%96-%D0%B7%D0%BD%D0%B0%D0%BD%D0%BD%D1%8F%D0%BC-%D1%83%D0%BA%D1%80%D0%B0%D1%97%D0%BD%D1%81%D1%8C%D0%BA%D0%BE%D1%97-%D0%BC%D0%BE%D0%B2%D0%B8-%D0%B2-%D0%BF%D0%BE%D0%BB%D1%8C%D1%89%D1%96-at-welo-data-4435446915,Фахівці зі знанням української мови в Польщі,,scraped,2026-07-07T03:05:13.788345,
97c40939cc8dc76b,https://pl.linkedin.com/jobs/view/production-supply-planner-planning-service-center-for-zone-europe-at-nestl%C3%A9-4436704869,Production & Supply Planner (Planning Service Center) for Zone Europe,Nestlé,posted,2026-07-07T03:05:41.570624,118
6cf501c4679bde26,https://pl.linkedin.com/jobs/view/kasjer-sprzedawca-k-m-x-at-ipracujzdalnie-pl-4435008894,"Kasjer-Sprzedawca (K,M,X)",,scraped,2026-07-07T03:05:44.268686,
df484d08d8a77fa9,https://pl.linkedin.com/jobs/view/user-experience-researcher-at-hays-4432754994,User Experience Researcher,,scraped,2026-07-07T03:05:51.893712,
729c3ff83a881af9,https://pl.linkedin.com/jobs/view/trener-trenerka-sprzeda%C5%BCy-i-obs%C5%82ugi-pacjenta-at-lux-med-4435317154,Trener / Trenerka Sprzedaży i Obsługi Pacjenta,,scraped,2026-07-07T03:05:58.766099,
999a94a499b7a887,https://pl.linkedin.com/jobs/view/asystent-kas-samoobs%C5%82ugowych-k-m-x-at-ipracujzdalnie-pl-4435018535,"Asystent Kas Samoobsługowych (K,M,X)",,scraped,2026-07-07T03:06:05.230872,
0d3bf1f44439d66a,https://pl.linkedin.com/jobs/view/m%C5%82odsza-specjalistka-m%C5%82odszy-specjalista-ds-rozliczenia-logistycznego-at-lpp-logistics-4432316578,Młodsza specjalistka / Młodszy specjalista ds. rozliczenia logistycznego,,scraped,2026-07-07T03:06:11.922054,
f0896ae9b53a6308,https://pl.linkedin.com/jobs/view/senior-business-intelligence-analyst-at-precisely-4435207775,Senior Business Intelligence Analyst,,scraped,2026-07-07T03:06:20.411202,
f7b619d1bf56cfa6,https://pl.linkedin.com/jobs/view/specjalista-specjalistka-ds-handlu-i-zakup%C3%B3w-at-praca-pl-4436399883,Specjalista  / Specjalistka ds. handlu i zakupów,,scraped,2026-07-07T03:06:27.506680,
7d147108110d4dca,https://pl.linkedin.com/jobs/view/specjalista-specjalistka-ds-sprzeda%C5%BCy-tor-wy%C5%9Bcig%C3%B3w-konnych-s%C5%82u%C5%BCewiec-at-totalizator-sportowy-4436933985,Specjalista / Specjalistka ds. sprzedaży (Tor Wyścigów Konnych Służewiec),Totalizator Sportowy,posted,2026-07-07T03:06:46.914605,120
f1bfd3194246a4df,https://pl.linkedin.com/jobs/view/regular-graphic-designer-digital-e-commerce-at-assembly-digital-commerce-4426602869,Regular Graphic Designer (Digital & E-commerce),,scraped,2026-07-07T03:06:49.569261,
7805fdc24ef28cb3,https://pl.linkedin.com/jobs/view/sprzedawca-sprzedawczyni-dzia%C5%82u-mi%C4%99sno-w%C4%99dliniarskiego-at-praca-pl-4435890776,Sprzedawca / Sprzedawczyni działu mięsno-wędliniarskiego,,scraped,2026-07-07T03:06:56.365352,
4721e17445b7b280,https://pl.linkedin.com/jobs/view/specjalistka-specjalista-ds-obs%C5%82ugi-klienta-i-wynajmu-kamper%C3%B3w-at-praca-pl-4436798284,Specjalistka / Specjalista ds. Obsługi Klienta i Wynajmu Kamperów,,scraped,2026-07-07T03:07:03.491452,
e5438ca95fb97268,https://pl.linkedin.com/jobs/view/machine-learning-engineer-at-persistent-systems-4435840027,Machine Learning Engineer,,scraped,2026-07-07T03:07:10.602639,
6f9207bf8e181659,https://pl.linkedin.com/jobs/view/kasjer-sprzedawca-at-%C5%82%C3%B3dzki-klaster-ict-4436027195,KASJER /SPRZEDAWCA,Łódzki Klaster ICT,posted,2026-07-07T03:09:06.812768,122
4baaf5ecf9491f32,https://pl.linkedin.com/jobs/view/remote-ops-team-lead-at-stefanini-emea-4436497600,Remote Ops. Team Lead,Stefanini EMEA,posted,2026-07-07T03:09:19.356208,124
10e98317a0ff949b,https://pl.linkedin.com/jobs/view/pracownik-pracownica-sklepu-at-action-4426954514,Pracownik/Pracownica Sklepu,,scraped,2026-07-07T03:09:21.975806,
eb849bcc91118ecb,https://pl.linkedin.com/jobs/view/kelner-kelnerka-at-praca-pl-4436903104,Kelner / Kelnerka,,scraped,2026-07-07T03:09:30.005530,
80441c8c4d7375ef,https://pl.linkedin.com/jobs/view/pomocnik-mechanika-at-%C5%82%C3%B3dzki-klaster-ict-4435019486,POMOCNIK MECHANIKA,Łódzki Klaster ICT,posted,2026-07-07T03:10:22.558846,126
eb3e9af817970fc0,https://pl.linkedin.com/jobs/view/inspektor-weterynaryjny-inspektorka-weterynaryjna-at-top-100-kancelarii-4435007903,inspektor weterynaryjny/inspektorka weterynaryjna,TOP 100 KANCELARII,posted,2026-07-07T03:10:39.675762,128
dfd01fdadc46f5d6,https://pl.linkedin.com/jobs/view/swiss-payroll-specialist-managed-services-operations-at-pwc-polska-4375745615,Swiss Payroll Specialist | Managed Services Operations,,scraped,2026-07-07T03:10:42.444185,
2009b2995cddd3e6,https://pl.linkedin.com/jobs/view/investigation-specialist-sepo-at-amazon-4418106630,"Investigation Specialist, SEPO",Amazon,posted,2026-07-07T03:11:05.982885,130
1955a5b8821bab3e,https://pl.linkedin.com/jobs/view/kierowca-c%2Be-kobieta-m%C4%99%C5%BCczyzna-at-%C5%82%C3%B3dzki-klaster-ict-4436289211,KIEROWCA C+E (KOBIETA/MĘŻCZYZNA),Łódzki Klaster ICT,posted,2026-07-07T03:11:53.702845,132
e52165a8fa7a4f42,https://pl.linkedin.com/jobs/view/quality-controller-inspector-goleni%C3%B3w-at-vestas-4418122489,Quality Controller Inspector (Goleniów),,scraped,2026-07-07T03:11:56.498995,
a105608bd80c9382,https://pl.linkedin.com/jobs/view/serwisant-serwisantka-floty-rowerowej-at-praca-pl-4436795297,Serwisant / Serwisantka floty rowerowej,,scraped,2026-07-07T03:12:03.470363,
04d6b5e0121b4677,https://pl.linkedin.com/jobs/view/pracownik-pracownica-sklepu-at-action-4434650886,Pracownik/Pracownica Sklepu,,scraped,2026-07-07T03:12:10.439568,
c61bfd640d1125da,https://pl.linkedin.com/jobs/view/aircraft-mechanic-%E2%80%93-krakow-at-ryanair-europe-s-favourite-airline-4436206711,Aircraft Mechanic – Krakow,,scraped,2026-07-07T03:12:17.550405,
b84c27fca5dfb9c3,https://pl.linkedin.com/jobs/view/koordynator-zmiany-k-m-x-i-z%C5%82ocieniec-at-netto-polska-salling-group-4436214044,Koordynator zmiany (k/m/x) I - Złocieniec,,scraped,2026-07-07T03:12:24.046980,
9290956c15ae2ec2,https://pl.linkedin.com/jobs/view/trailer-fees-specialist-at-itds-4435828320,Trailer Fees Specialist,,scraped,2026-07-07T03:12:31.241082,
8e4ce4c8d13c5e8d,https://pl.linkedin.com/jobs/view/commercial-commercialka-at-bershka-4435049888,Commercial/Commercialka,,scraped,2026-07-07T03:12:38.570954,
3965128bf5b6b63c,https://pl.linkedin.com/jobs/view/nauczyciel-bibliotekarz-at-%C5%82%C3%B3dzki-klaster-ict-4436022515,NAUCZYCIEL BIBLIOTEKARZ,Łódzki Klaster ICT,posted,2026-07-07T03:13:30.089801,134
c5b0855ac0decb14,https://pl.linkedin.com/jobs/view/zast%C4%99pca-kierownika-sklepu-k-m-x-i-braniewo-at-netto-polska-salling-group-4436205364,Zastępca Kierownika Sklepu (k/m/x) I - Braniewo,,scraped,2026-07-07T03:13:32.747986,
cac4a187548c3aea,https://pl.linkedin.com/jobs/view/pracownik-pracownica-sklepu-at-action-4435239538,Pracownik/Pracownica Sklepu,,scraped,2026-07-07T03:13:39.455942,
cb59b5daefee0b97,https://pl.linkedin.com/jobs/view/junior-compliance-specialist-cee%2B-at-sobi-swedish-orphan-biovitrum-ab-publ-4437135972,Junior Compliance Specialist CEE+,Sobi - Swedish Orphan Biovitrum AB (publ),posted,2026-07-07T03:14:19.143086,136
baaa13319a314721,https://pl.linkedin.com/jobs/view/contributor-relations-manager-research-at-lseg-4426299656,"Contributor Relations Manager, Research",,scraped,2026-07-07T03:14:21.813136,
910292f4e6a23dd8,https://pl.linkedin.com/jobs/view/it-recruiter-at-ipracujzdalnie-pl-4437101951,IT Recruiter,,scraped,2026-07-07T03:14:28.222619,
0ebc894557b15eea,https://pl.linkedin.com/jobs/view/workplace-coordinator-at-cbre-4437401623,Workplace Coordinator,,scraped,2026-07-07T03:14:35.747609,
84aa2d4f6dc68883,https://pl.linkedin.com/jobs/view/parts-warehouse-keeper-at-zoomlion-4419825547,Parts Warehouse Keeper,,scraped,2026-07-07T03:15:36.393058,
5d7ba8ef5d7f59e8,https://pl.linkedin.com/jobs/view/specjalista-specjalistka-ds-lekcji-pr%C3%B3bnych-i-edukacji-online-at-praca-pl-4435309695,Specjalista / Specjalistka ds. Lekcji Próbnych i Edukacji Online,,scraped,2026-07-07T03:15:43.206451,
bace1a1e6139a4a5,https://pl.linkedin.com/jobs/view/patient-journey-partner-okulistyka-at-roche-4427908327,Patient Journey Partner - Okulistyka,,scraped,2026-07-07T03:15:50.543034,
5f06dfcc7cca0f66,https://pl.linkedin.com/jobs/view/growth-engineer-m-f-d-at-booksy-4433187512,Growth Engineer (m/f/d),Booksy,posted,2026-07-07T03:16:06.010864,138
50bada9c892d5345,https://pl.linkedin.com/jobs/view/senior-payroll-specialist-at-adp-4408469247,Senior Payroll Specialist,ADP,posted,2026-07-07T03:16:18.322283,140
4c4153ad5ed0b446,https://pl.linkedin.com/jobs/view/operations-specialist-at-fleetfox-4433935130,Operations Specialist,,scraped,2026-07-07T03:16:21.076889,
cb6c06c4f1170865,https://pl.linkedin.com/jobs/view/kierownik-sprzeda%C5%BCy-i-kosztorysowania-at-jobnonstop-4435106611,Kierownik Sprzedaży i Kosztorysowania,,scraped,2026-07-07T03:16:27.984138,
94bc32015b6798ef,https://pl.linkedin.com/jobs/view/site-coordinator-at-milestone-one-4432342222,Site Coordinator,Milestone One,posted,2026-07-07T03:16:47.193148,142
afac56c68ebeb417,https://pl.linkedin.com/jobs/view/senior-specialist-%E2%80%93-customs-classification-f-m-at-bosch-4437440475,Senior Specialist – Customs Classification (f/m),,scraped,2026-07-07T03:16:49.877712,
898e2c140d98fa9b,https://pl.linkedin.com/jobs/view/kandydat-kandydatka-na-stanowisko-pracownik-produkcyjny-at-sika-4432215117,Kandydat/ kandydatka na stanowisko: pracownik produkcyjny,,scraped,2026-07-07T03:16:56.712929,
320dbbc695be7ef7,https://pl.linkedin.com/jobs/view/visual-merchandiser-at-mango-4436247261,VISUAL MERCHANDISER,,scraped,2026-07-07T03:17:03.153610,
ae5123078c1c1248,https://pl.linkedin.com/jobs/view/korepetytor-matematyki-praca-online-elastyczne-godziny-at-twojekorepetycje-4430411394,Korepetytor matematyki - praca online | elastyczne godziny,Twojekorepetycje,posted,2026-07-07T03:17:23.861092,144
6f243141260463c8,https://pl.linkedin.com/jobs/view/inspektor-weterynaryjny-inspektorka-weterynaryjna-at-top-100-kancelarii-4434392437,inspektor weterynaryjny/inspektorka weterynaryjna,TOP 100 KANCELARII,posted,2026-07-07T03:17:39.399538,128
0a0f4b578194bf15,https://pl.linkedin.com/jobs/view/blade-technician-irata-l3-m-f-at-navitas-renewables-4435840548,Blade technician/IRATA L3  (m/f),,scraped,2026-07-07T03:17:41.960558,
62e2bff1b1419df6,https://pl.linkedin.com/jobs/view/specjalista-specjalistka-ds-ochrony-%C5%9Brodowiska-at-perla-polska-4434610152,Specjalista / Specjalistka ds. Ochrony Środowiska,,scraped,2026-07-07T03:17:48.944147,
7832ffae1d849439,https://pl.linkedin.com/jobs/view/global-mobile-administrator-at-adient-4418795437,Global Mobile Administrator,,scraped,2026-07-07T03:17:58.459587,
a9e31422de1e8552,https://pl.linkedin.com/jobs/view/spotkanie-na-wydziale-wil-16-04-at-aldesa-4398482903,Spotkanie na wydziale WIL 16.04,,scraped,2026-07-07T03:18:05.173871,
be6f5d4379923ce0,https://pl.linkedin.com/jobs/view/cie%C5%9Bla-k-m-x-at-porr-polska-4436473338,Cieśla (k/m/x),,scraped,2026-07-07T03:18:12.513257,
6d259bb1caa3da80,https://pl.linkedin.com/jobs/view/privacy-data-analyst-with-polish-at-tp-4436085829,Privacy Data Analyst with Polish,,scraped,2026-07-07T03:18:21.150070,
91d69acd34d97efc,https://pl.linkedin.com/jobs/view/senior-payroll-coordinator-at-ul-solutions-4426795733,Senior Payroll Coordinator,,scraped,2026-07-07T03:18:28.605618,
ae6de23039998fe7,https://pl.linkedin.com/jobs/view/voice-support-in-network-operations-at-ltm-4433168708,Voice Support in Network Operations,,scraped,2026-07-07T03:18:43.134426,
84c007a55c3f4194,https://pl.linkedin.com/jobs/view/specjalista-ds-ofertowania-k-m-automatyka-at-nes-fircroft-4435584553,Specjalista ds. Ofertowania [K/M] - automatyka,,scraped,2026-07-07T03:18:51.728944,
9d8f5abf47e1c3d4,https://pl.linkedin.com/jobs/view/logistics-specialist-m-f-x-at-qemetica-4436702564,Logistics Specialist (M/F/X),Qemetica,posted,2026-07-07T03:19:10.913465,146
c7f7d738414d760a,https://pl.linkedin.com/jobs/view/talent-strategist-at-bending-spoons-4436269592,Talent strategist,,scraped,2026-07-07T03:19:13.553957,
c5b4e747c9192a56,https://pl.linkedin.com/jobs/view/indirect-buyer-procurement-operations-at-upm-4436357946,"Indirect Buyer, Procurement Operations",,scraped,2026-07-07T03:19:20.090471,
cf301bf6635e6739,https://pl.linkedin.com/jobs/view/zast%C4%99pca-zast%C4%99pczyni-kierownika-kierowniczki-sklepu-at-stokrotka-sp-z-o-o-4434317129,Zastępca / Zastępczyni Kierownika / Kierowniczki Sklepu,,scraped,2026-07-07T03:19:27.052750,
11f379a981f66700,https://pl.linkedin.com/jobs/view/global-mobile-administrator-at-adient-4418779542,Global Mobile Administrator,,scraped,2026-07-07T03:19:33.775530,
861d99f6b8fd6abc,https://pl.linkedin.com/jobs/view/osoba-na-stanowisku-spawacz-at-deutsche-bahn-3950997869,osoba na stanowisku: spawacz,,scraped,2026-07-07T03:19:48.304059,
d7ede8e774509b07,https://pl.linkedin.com/jobs/view/ustawiacz-maszyn-produkcyjnych-at-danone-4011490480,Ustawiacz Maszyn Produkcyjnych,,scraped,2026-07-07T03:19:56.227471,
2d076572662cfde8,https://pl.linkedin.com/jobs/view/head-of-client-solutions-team-consumer-services-central-europe-at-tiktok-4435255175,Head of Client Solutions Team (Consumer Services) - Central Europe,,scraped,2026-07-07T03:20:02.713490,
d9e5d3000dcd1b60,https://pl.linkedin.com/jobs/view/starszy-specjalista-starsza-specjalistka-at-top-100-kancelarii-4435298568,starszy specjalista/starsza specjalistka,TOP 100 KANCELARII,posted,2026-07-07T03:20:23.974598,148
f2a44299bc535d0b,https://pl.linkedin.com/jobs/view/pracownik-hr-at-regess-4432783082,Pracownik HR,,scraped,2026-07-07T03:20:26.618544,
6d559d10e976f4c3,https://pl.linkedin.com/jobs/view/senior-business-analyst-at-brickendon-consulting-4434325053,Senior Business Analyst,,scraped,2026-07-07T03:20:32.986607,
c9b7b17578a0985f,https://pl.linkedin.com/jobs/view/sprzedawca-sprzedawczyni-w-markecie-budowlanym-at-praca-pl-4437113578,Sprzedawca / Sprzedawczyni w markecie budowlanym,,scraped,2026-07-07T03:20:39.491953,
73fb6bee8846c1dd,https://pl.linkedin.com/jobs/view/kelner-k-m-at-%C5%82%C3%B3dzki-klaster-ict-4435288813,KELNER K/M,Łódzki Klaster ICT,posted,2026-07-07T03:21:32.650677,150
d8b97a44330da586,https://pl.linkedin.com/jobs/view/immigration-specialist-at-epam-systems-4433926378,Immigration Specialist,EPAM Systems,posted,2026-07-07T03:21:56.801249,152
cc9139b6acdc8cfb,https://pl.linkedin.com/jobs/view/ugc-creator-manager-at-opal-4436410348,UGC Creator Manager,,scraped,2026-07-07T03:21:59.439119,
4a37251d84ea28e5,https://pl.linkedin.com/jobs/view/kontroler-jako%C5%9Bci-k-m-at-%C5%82%C3%B3dzki-klaster-ict-4435285982,KONTROLER JAKOŚCI K/M,Łódzki Klaster ICT,posted,2026-07-07T03:23:06.023944,154
a13d8deb6516fec4,https://pl.linkedin.com/jobs/view/art-director-at-saatchi-saatchi-poland-4407636525,Art Director,,scraped,2026-07-07T03:23:08.610937,
a9b5e6d64018bc00,https://pl.linkedin.com/jobs/view/technical-support-with-georgian-%F0%9F%87%AC%F0%9F%87%AA-at-concentrix-4433792841,Technical Support with Georgian 🇬🇪,Concentrix,posted,2026-07-07T03:23:26.516434,156
4d029bfaedb3c64b,https://pl.linkedin.com/jobs/view/specjalista-specjalistka-ds-kadr-i-p%C5%82ac-at-berlinerluft-technik-sp-z-o-o-4436314360,Specjalista/Specjalistka ds. Kadr i Płac,,scraped,2026-07-07T03:23:29.103253,
f6dd2636f5d58b7b,https://pl.linkedin.com/jobs/view/database-administrator-at-luxoft-4435805398,Database Administrator,,scraped,2026-07-07T03:23:36.065701,
5d9349d1cbc289f1,https://pl.linkedin.com/jobs/view/time-absence-applications-support-analyst-at-workday-4432789201,Time & Absence Applications Support Analyst,Workday,posted,2026-07-07T03:23:49.685506,158
c35e6e7542f35528,https://pl.linkedin.com/jobs/view/technical-recruiter-google-cloud-at-google-4435446700,"Technical Recruiter, Google Cloud",Google,posted,2026-07-07T03:23:58.523712,160
98d39270f84f4ff2,https://pl.linkedin.com/jobs/view/business-continuity-consultant-at-blue-energy-sp-z-o-o-4432367201,Business Continuity Consultant,,scraped,2026-07-07T03:24:01.195197,
34b22066cd72069c,https://pl.linkedin.com/jobs/view/quality-auditor-poland-at-qualifyze-4436077779,Quality Auditor (Poland),,scraped,2026-07-07T03:24:10.863849,
afe0cb9e3473accd,https://pl.linkedin.com/jobs/view/group-leader-facilities-maintenance-crew-e-at-slate-auto-4437438612,"Group Leader, Facilities Maintenance - Crew E",Slate Auto,posted,2026-07-07T03:24:24.600020,162
2de87d94485ed546,https://pl.linkedin.com/jobs/view/production-operator-at-gates-corporation-4359503018,Production Operator,Gates Corporation,posted,2026-07-07T03:24:38.295247,164
dce726267d695406,https://pl.linkedin.com/jobs/view/operator-r%C4%99baka-m-k-at-kronospan-4436230769,Operator Rębaka (M/K),,scraped,2026-07-07T03:24:40.886787,
2193b863a228dc9c,https://pl.linkedin.com/jobs/view/operator-operatorka-proces%C3%B3w-technologicznych-at-the-heineken-company-4435467127,Operator/Operatorka procesów technologicznych,The HEINEKEN Company,posted,2026-07-07T03:24:58.728270,166
9489d1da63191709,https://pl.linkedin.com/jobs/view/high-street-consultant-m-k-at-cbre-4436746334,High Street Consultant (m/k),CBRE,posted,2026-07-07T03:25:07.448031,168
640113e5e35abf27,https://pl.linkedin.com/jobs/view/contract-specialist-at-verisk-4414235315,Contract Specialist,Verisk,posted,2026-07-07T03:25:16.610114,170
b593d56a69c34f24,https://pl.linkedin.com/jobs/view/%D1%82%D0%B5%D1%85%D0%BD%D1%96%D0%BA-%D0%B7-%D0%BE%D0%B1%D1%81%D0%BB%D1%83%D0%B3%D0%BE%D0%B2%D1%83%D0%B2%D0%B0%D0%BD%D0%BD%D1%8F-%D0%BF%D1%80%D0%B5%D1%81-%D1%84%D0%BE%D1%80%D0%BC-at-sgp-group-outsourcing-company-4436376568,Технік з обслуговування прес-форм,,scraped,2026-07-07T03:25:19.180616,
07aa84f9fda32cd1,https://pl.linkedin.com/jobs/view/magazynier-tczew-m-k-at-pkc-group-4436301525,Magazynier - Tczew (m/k),,scraped,2026-07-07T03:25:28.091027,
f94a8d93962125ca,https://pl.linkedin.com/jobs/view/join-our-talent-pool-clinical-research-associates-europe-at-alimentiv-4435035285,Join our Talent Pool - Clinical Research Associates (Europe),,scraped,2026-07-07T03:25:35.140412,
d458b73dc1dd1374,https://pl.linkedin.com/jobs/view/specjalista-specjalistka-ds-gospodarki-magazynowej-at-carlsberg-group-4435036915,Specjalista / Specjalistka ds. Gospodarki Magazynowej,,scraped,2026-07-07T03:25:41.834868,
02f3829d2da22dee,https://pl.linkedin.com/jobs/view/zast%C4%99pca-zast%C4%99pczyni-kierownika-kierowniczki-sklepu-jysk-ostrowiec-%C5%9Bwi%C4%99tokrzyski-6150-pln-at-jysk-4433939693,ZASTĘPCA / ZASTĘPCZYNI KIEROWNIKA / KIEROWNICZKI SKLEPU JYSK Ostrowiec Świętokrzyski (6150 PLN),,scraped,2026-07-07T03:25:48.234306,
e30f11c426c136ee,https://pl.linkedin.com/jobs/view/senior-pricing-specialist-at-sportano-pl-4436372708,Senior Pricing Specialist,,scraped,2026-07-07T03:25:54.870063,
056a4a02b8c0ff62,https://pl.linkedin.com/jobs/view/doradca-serwisowy-k-m-d-at-scania-polska-4437185478,Doradca Serwisowy [k/m/d],,scraped,2026-07-07T03:26:01.449441,
878feb23753b3e6d,https://pl.linkedin.com/jobs/view/prowadz%C4%85cy-pojazdy-kolejowe-w-obr%C4%99bie-bocznicy-at-kronospan-4418186219,Prowadzący pojazdy kolejowe w obrębie bocznicy,,scraped,2026-07-07T03:26:15.779593,
80e7db4e32fd43a3,https://pl.linkedin.com/jobs/view/product-manager-at-smartlunch-4436771502,Product Manager,,scraped,2026-07-07T03:26:22.805756,
9ca42a1a0e40a4ea,https://pl.linkedin.com/jobs/view/payroll-team-leader-with-english-at-genpact-4414300505,Payroll Team Leader with English,,scraped,2026-07-07T03:26:30.104867,
e701f574e7ee2c46,https://pl.linkedin.com/jobs/view/performance-analytics-specialist-at-insightland-4436323370,Performance & Analytics Specialist,,scraped,2026-07-07T03:26:39.140055,
0e7aebcccaefdfce,https://pl.linkedin.com/jobs/view/field-service-technician-at-ingersoll-rand-4407859964,Field Service Technician,Ingersoll Rand,posted,2026-07-07T03:26:58.685356,172
d8c15b55121eb93b,https://pl.linkedin.com/jobs/view/customs-process-trainer-at-a-p-moller-maersk-4432390936,Customs Process Trainer,,scraped,2026-07-07T03:27:01.388259,
630942d24f41010a,https://pl.linkedin.com/jobs/view/inside-sales-coordinator-bid-coordinator-at-jacobs-4398538780,Inside Sales Coordinator (Bid Coordinator),,scraped,2026-07-07T03:27:07.793977,
ca13c0f737eb29b3,https://pl.linkedin.com/jobs/view/junior-buyer-at-westinghouse-electric-company-4435833072,Junior Buyer,,scraped,2026-07-07T03:27:15.144294,
c435ce72285219c6,https://pl.linkedin.com/jobs/view/commercial-commercialka-warszawa-at-massimo-dutti-4435051754,Commercial/Commercialka | Warszawa,,scraped,2026-07-07T03:27:22.699345,
61d574c9ebbcb585,https://pl.linkedin.com/jobs/view/koordynator-zmiany-k-m-x-ii-police-at-netto-polska-salling-group-4435411754,Koordynator zmiany (k/m/x) II - Police,,scraped,2026-07-07T03:27:29.174932,
469dde117eb919f0,https://pl.linkedin.com/jobs/view/koordynator-dzia%C5%82u-hr-m-k-at-oleofarm-4436735605,Koordynator Działu HR (m/k),,scraped,2026-07-07T03:27:35.965595,
f7ad2fabef835f09,https://pl.linkedin.com/jobs/view/pokojowa-y-at-%C5%82%C3%B3dzki-klaster-ict-4435711523,POKOJOWA/Y,Łódzki Klaster ICT,posted,2026-07-07T03:28:18.550931,174
1b843752b77017a6,https://pl.linkedin.com/jobs/view/asystent-kas-samoobs%C5%82ugowych-k-m-x-at-ipracujzdalnie-pl-4435020506,"Asystent Kas Samoobsługowych (K,M,X)",,scraped,2026-07-07T03:28:21.126219,
40926ba25c3e54b3,https://pl.linkedin.com/jobs/view/specjalista-specjalistka-ds-windykacji-polubownej-polis-at-fundacja-grupy-ergo-hestia-integralia-4435246776,specjalista / specjalistka ds. windykacji polubownej polis,,scraped,2026-07-07T03:28:28.508623,
15992280b281732d,https://pl.linkedin.com/jobs/view/recepcjonista-recpcjonistka-at-%C5%82%C3%B3dzki-klaster-ict-4435406091,RECEPCJONISTA/RECPCJONISTKA,Łódzki Klaster ICT,posted,2026-07-07T03:29:21.270863,176
0b1100cb22f704f1,https://pl.linkedin.com/jobs/view/ai-engineer-trainee-%E2%80%93-early-careers-program-at-alcon-4436753867,AI Engineer Trainee – Early Careers Program,,scraped,2026-07-07T03:29:24.061633,
4c5df5ce00fe24ec,https://pl.linkedin.com/jobs/view/pracownik-pracownica-recepcji-at-%C5%82%C3%B3dzki-klaster-ict-4435404165,PRACOWNIK/PRACOWNICA RECEPCJI,Łódzki Klaster ICT,posted,2026-07-07T03:30:14.921534,178
47ecc7a570bf2aea,https://pl.linkedin.com/jobs/view/kasjer-sprzedawca-k-m-x-bia%C5%82a-podlaska-at-ipracujzdalnie-pl-4435010818,"Kasjer-Sprzedawca (K,M,X) Biała Podlaska",,scraped,2026-07-07T03:30:17.638062,
3db320ca5c102089,https://pl.linkedin.com/jobs/view/technical-architect-emea-at-utopia-design-4436950659,Technical Architect (EMEA),,scraped,2026-07-07T03:30:24.983054,
f9bbd90b1b3084be,https://pl.linkedin.com/jobs/view/sprzedawca-k-m-at-%C5%82%C3%B3dzki-klaster-ict-4436020512,SPRZEDAWCA (K/M),Łódzki Klaster ICT,posted,2026-07-07T03:31:17.031088,180
c345b8eff5003178,https://pl.linkedin.com/jobs/view/help-desk-specialist-at-sycomp-4434128831,Help Desk Specialist,,scraped,2026-07-07T03:31:19.653632,
53c037eee1847942,https://pl.linkedin.com/jobs/view/m%C5%82odszy-operator-maszyn-m-k-at-%C5%82%C3%B3dzki-klaster-ict-4435010810,"MŁODSZY OPERATOR MASZYN (M, K)",Łódzki Klaster ICT,posted,2026-07-07T03:32:11.679339,182
e9832bb5f2fd9c40,https://pl.linkedin.com/jobs/view/project-manager-at-fujitsu-4431955085,Project Manager,,scraped,2026-07-07T03:32:14.395795,
233e708486e94694,https://pl.linkedin.com/jobs/view/content-creator-social-media-manager-at-ovo-tech-4431594355,Content Creator & Social Media Manager,,scraped,2026-07-07T03:32:21.537276,
7ea1a3331fcb52dd,https://pl.linkedin.com/jobs/view/legal-assistant-at-cms-cee-4427565913,Legal Assistant,,scraped,2026-07-07T03:32:27.729877,
479f521763cbe37b,https://pl.linkedin.com/jobs/view/specjalista-specjalistka-ds-administracji-personalnej-at-the-heineken-company-4426613480,Specjalista/Specjalistka ds. Administracji Personalnej,The HEINEKEN Company,posted,2026-07-07T03:32:44.432959,184
cf336368726aee06,https://pl.linkedin.com/jobs/view/automation-process-intelligence-analyst-at-cantor-fitzgerald-4435103066,Automation & Process Intelligence Analyst,Cantor Fitzgerald,posted,2026-07-07T03:32:54.172739,186
26d4b06420679446,https://pl.linkedin.com/jobs/view/director-global-trade-services-gbs-at-aptiv-4436107038,"Director, Global Trade Services, GBS",,scraped,2026-07-07T03:32:56.814003,
4c39844c955ea317,https://pl.linkedin.com/jobs/view/tester-manualny-testerka-manualna-middle-at-finture-4435127377,Tester Manualny / Testerka Manualna (middle),,scraped,2026-07-07T03:33:03.271190,
08e0d4d0e8f811d5,https://pl.linkedin.com/jobs/view/manual-qa-engineer-senior-at-softswiss-4435241841,Manual QA Engineer - Senior,,scraped,2026-07-07T03:33:13.603627,
4b6fc3be0647947e,https://pl.linkedin.com/jobs/view/magazynier-magazynierka-at-dhl-express-4432800256,Magazynier / Magazynierka,DHL Express,posted,2026-07-07T03:34:32.521265,188
03ab47f2d4d70b12,https://pl.linkedin.com/jobs/view/inspektor-nadzoru-budowlanego-inspektorka-nadzoru-budowlanego-at-top-100-kancelarii-4436025327,inspektor nadzoru budowlanego/inspektorka nadzoru budowlanego,TOP 100 KANCELARII,posted,2026-07-07T03:34:47.931664,190
5319aa4cb2c0179e,https://pl.linkedin.com/jobs/view/inspektor-weterynaryjny-inspektorka-weterynaryjna-at-top-100-kancelarii-4435294634,inspektor weterynaryjny/inspektorka weterynaryjna,TOP 100 KANCELARII,posted,2026-07-07T03:34:59.926693,128
efe7a9c1b82568cc,https://pl.linkedin.com/jobs/view/pracownik-hipermarketu-dzia%C5%82-piekarnia-cukiernia-at-schiever-polska-sp-z-o-o-4432363481,PRACOWNIK HIPERMARKETU (DZIAŁ PIEKARNIA/CUKIERNIA),,scraped,2026-07-07T03:35:02.552941,
b444620e50bf4df2,https://pl.linkedin.com/jobs/view/channel-development-manager-poland-at-lionsbot-international-4377586593,Channel Development Manager (Poland),,scraped,2026-07-07T03:35:15.974856,
d6585bbf7945e6ec,https://pl.linkedin.com/jobs/view/pricing-architect-at-ey-4433959310,Pricing Architect,EY,posted,2026-07-07T03:35:35.131284,192
b9ebdb4ab9d498db,https://pl.linkedin.com/jobs/view/specjalista-ds-bhp-k-m-x-at-grupa-farmacol-4435452399,Specjalista ds. BHP (K/M/X),,scraped,2026-07-07T03:35:37.699461,
e8a7d697c0eb3479,https://pl.linkedin.com/jobs/view/reward-expert-at-euroclear-4427715319,Reward Expert,,scraped,2026-07-07T03:35:44.876142,
e190a298b2a83de9,https://pl.linkedin.com/jobs/view/safety-functional-expert-at-luxoft-poland-4429773835,Safety Functional Expert,,scraped,2026-07-07T03:35:51.682180,
5eed36ddf7a2a521,https://pl.linkedin.com/jobs/view/fsqr-specialist-talents-poland-at-cargill-4282857638,FSQR Specialist Talents - Poland,Cargill,posted,2026-07-07T03:36:10.500410,194
ec075b27ed54fc52,https://pl.linkedin.com/jobs/view/business-analyst-at-rockitworks-4437425559,Business Analyst,,scraped,2026-07-07T03:36:13.197956,
b93186630dee505f,https://pl.linkedin.com/jobs/view/business-analyst-at-rockitworks-4437424593,Business Analyst,,scraped,2026-07-07T03:36:19.965161,
49b56d7fc7f19b84,https://pl.linkedin.com/jobs/view/asystent-kas-samoobs%C5%82ugowych-k-m-x-at-ipracujzdalnie-pl-4435030014,"Asystent Kas Samoobsługowych (K,M,X)",,scraped,2026-07-07T03:36:26.381081,
584ef244c2b2d0db,https://pl.linkedin.com/jobs/view/asystent-kas-samoobs%C5%82ugowych-czelad%C5%BA-k-m-x-at-ipracujzdalnie-pl-4435029089,"Asystent Kas Samoobsługowych Czeladź (K,M,X)",,scraped,2026-07-07T03:36:33.813444,
80c66dc670756659,https://pl.linkedin.com/jobs/view/software-engineer-5-python-platform-at-netflix-4414341797,Software Engineer 5 - Python Platform,Netflix,posted,2026-07-07T03:36:47.127386,196
a59da31dfc1b9f79,https://pl.linkedin.com/jobs/view/spedytor-mi%C4%99dzynarodowy-k-m-at-dta-agencja-celna-magazynowanie-spedycja-4436968409,SPEDYTOR MIĘDZYNARODOWY (K/M),,scraped,2026-07-07T03:36:49.743675,
a5626909321d6f78,https://pl.linkedin.com/jobs/view/software-development-intern-cracow-poland-at-cisco-4416251921,"Software Development Intern (Cracow, Poland)",Cisco,posted,2026-07-07T03:37:06.940726,198
6fe49f132dfcc9df,https://pl.linkedin.com/jobs/view/kierowca-at-%C5%82%C3%B3dzki-klaster-ict-4435718417,KIEROWCA,Łódzki Klaster ICT,posted,2026-07-07T03:37:42.888654,200
cf31b59a2800ca28,https://pl.linkedin.com/jobs/view/executive-assistant-at-ey-4434319048,Executive Assistant,EY,posted,2026-07-07T03:37:52.771025,202
2e8aad576a3e2035,https://pl.linkedin.com/jobs/view/pedagog-k-m-at-%C5%82%C3%B3dzki-klaster-ict-4436018608,PEDAGOG (K/M),Łódzki Klaster ICT,posted,2026-07-07T03:38:39.086632,204
eb17c06f7d299d08,https://pl.linkedin.com/jobs/view/pracownik-pomocniczy-produkcji-pracownica-pomocnicza-produkcji-at-grafpol-4435312282,Pracownik Pomocniczy Produkcji / Pracownica Pomocnicza Produkcji,,scraped,2026-07-07T03:38:41.724582,
09fe0ed09e4d6a43,https://pl.linkedin.com/jobs/view/magazynier-k-m-at-dts-transport-sp-z-o-o-4435131612,Magazynier [k/m],,scraped,2026-07-07T03:38:48.723404,
60eb7a77a21cae15,https://pl.linkedin.com/jobs/view/property-manager-at-cushman-wakefield-4369060677,Property Manager,Cushman &amp; Wakefield,posted,2026-07-07T03:39:02.743561,206
5c69a1ff7262de12,https://pl.linkedin.com/jobs/view/junior-lean-specialist-f-m-x-mars-young-professionals-program-mars-petcare-at-mars-4368010633,Junior Lean Specialist (f/m/x) | Mars Young Professionals Program | Mars Petcare,Mars,posted,2026-07-07T03:39:11.386696,208
22ebe498b7bc1c43,https://pl.linkedin.com/jobs/view/junior-tax-reporting-specialist-at-hays-4433949332,Junior Tax Reporting Specialist,,scraped,2026-07-07T03:39:14.092873,
be4194151fe2b874,https://pl.linkedin.com/jobs/view/junior-project-coordinator-at-flex-wind-4435578259,Junior Project Coordinator,,scraped,2026-07-07T03:39:21.187422,
bb3ff0cd1a348fa9,https://pl.linkedin.com/jobs/view/senior-intercompany-specialist-at-nov-4406704364,Senior Intercompany Specialist,NOV,posted,2026-07-07T03:39:36.571239,210
b1c98092dabc2169,https://pl.linkedin.com/jobs/view/operator-walca-drogowego-m-k-at-colas-polska-colas-kruszywa-4433703393,Operator Walca Drogowego (m/k),COLAS Polska/COLAS Kruszywa,posted,2026-07-07T03:40:23.047005,212
8c25783ff13ced5a,https://pl.linkedin.com/jobs/view/asset-management-professional-pozna%C5%84-at-rockwell-automation-4427506759,Asset Management Professional - Poznań,Rockwell Automation,posted,2026-07-07T03:40:31.621643,214
569abbd4eb91f149,https://pl.linkedin.com/jobs/view/group-integrity-officer-at-rockwool-group-4436749042,Group Integrity Officer,,scraped,2026-07-07T03:40:34.259362,
6afe3292d7bba1eb,https://pl.linkedin.com/jobs/view/fund-administrator-at-the-adecco-group-4433161270,Fund Administrator,,scraped,2026-07-07T03:40:41.117694,
102f5ca43626b484,https://pl.linkedin.com/jobs/view/specjalista-ds-kosztorysowania-norma-k-m-n-at-aldesa-4399041269,Specjalista ds. kosztorysowania (NORMA) (k/m/n),,scraped,2026-07-07T03:40:47.598637,
1ffa29f13d720806,https://pl.linkedin.com/jobs/view/payroll-specialist-managed-services-operations-at-pwc-polska-4416387655,Payroll Specialist | Managed Services Operations,,scraped,2026-07-07T03:40:54.885249,
d5c368e04f371638,https://pl.linkedin.com/jobs/view/business-development-representative-%E2%80%93-dach-market-at-singu-4433957631,Business Development Representative – DACH Market,SINGU,posted,2026-07-07T03:42:16.970789,216
cc1f82f3bd66f86c,https://pl.linkedin.com/jobs/view/swiss-payroll-specialist-managed-services-operations-at-pwc-polska-4375732852,Swiss Payroll Specialist | Managed Services Operations,,scraped,2026-07-07T03:42:19.711192,
85beeb18cbbb9c9b,https://pl.linkedin.com/jobs/view/senior-scheduler-at-bechtel-corporation-4435825070,Senior Scheduler,Bechtel Corporation,posted,2026-07-07T03:42:32.411662,218
bf3f2d91228cb485,https://pl.linkedin.com/jobs/view/quality-technician-at-molex-4328751272,Quality Technician,Molex,posted,2026-07-07T03:42:41.664167,220
650163652afdd107,https://pl.linkedin.com/jobs/view/specjalista-specjalistka-ds-celnych-at-lpp-logistics-4432305792,Specjalista / Specjalistka ds. celnych,,scraped,2026-07-07T03:42:44.299783,
bd4af919f1746178,https://pl.linkedin.com/jobs/view/food-development-manager-m-k-at-sgs-4433939965,Food Development Manager (M/K),,scraped,2026-07-07T03:42:52.635816,
e54a460ba087cb13,https://pl.linkedin.com/jobs/view/precision-grinder-szlifierz-k-m-n-at-cubic-polska-4436717405,Precision Grinder/Szlifierz (k/m/n),,scraped,2026-07-07T03:42:59.378420,
d61b8e039dfa5414,https://pl.linkedin.com/jobs/view/m%C5%82odszy-specjalista-ds-marketingu-i-wsparcia-projekt%C3%B3w-at-dekra-praca-sp-z-o-o-4436404656,Młodszy specjalista ds. Marketingu i Wsparcia Projektów,DEKRA Praca Sp. z o.o.,posted,2026-07-07T03:43:52.585810,222
63451c86555f285b,https://pl.linkedin.com/jobs/view/mortgage-underwriter-freelance-ai-trainer-at-mindrift-4432361580,Mortgage Underwriter - Freelance AI Trainer,Mindrift,posted,2026-07-07T03:44:00.187579,224
1ace6aa3d508a2c4,https://pl.linkedin.com/jobs/view/pracownik-hali-pracownica-hali%C2%A0-at-praca-pl-4435318092,Pracownik hali / Pracownica hali,,scraped,2026-07-07T03:44:02.775231,
d6909d5628e58aae,https://pl.linkedin.com/jobs/view/specjalista-specjalistka-ds-planowania-infrastruktury-telekomunikacyjnej-at-emitel-4436308003,Specjalista / Specjalistka ds. Planowania Infrastruktury Telekomunikacyjnej,Emitel,posted,2026-07-07T03:44:53.963393,226
e0428747d0d1bb63,https://pl.linkedin.com/jobs/view/pracownik-gospodarczy-pracowniczka-gospodarcza-at-praca-pl-4435886896,Pracownik gospodarczy / Pracowniczka gospodarcza,,scraped,2026-07-07T03:44:56.493814,
bc7e5b7fd7b30463,https://pl.linkedin.com/jobs/view/retail-professional-at-adidas-4432791995,Retail Professional,,scraped,2026-07-07T03:45:03.573693,
8d34d7d966d35203,https://pl.linkedin.com/jobs/view/asystent-kas-samoobs%C5%82ugowych-k-m-x-bor%C3%B3wiec-k-k%C3%B3rnika-wielkopolskie-at-ipracujzdalnie-pl-4435008904,"Asystent Kas Samoobsługowych )K,M,X) Borówiec k.Kórnika, wielkopolskie",,scraped,2026-07-07T03:45:10.270952,
93db7aa0bb11ead1,https://pl.linkedin.com/jobs/view/koordynator-koordynatorka-obs%C5%82ugi-statk%C3%B3w-powietrznych-at-praca-pl-4437454580,Koordynator / Koordynatorka obsługi statków powietrznych,,scraped,2026-07-07T03:45:17.978504,
f6d942e796a4f7c3,https://pl.linkedin.com/jobs/view/accounts-receivable-accountant-at-dpe-global-services-centre-poland-4433909731,Accounts Receivable Accountant,,scraped,2026-07-07T03:45:25.186638,
381b66e6612a7e3a,https://pl.linkedin.com/jobs/view/it-help-desk-support-specialist-krakow-poland-at-aml-rightsource-4424189883,"IT Help Desk Support Specialist - Krakow, Poland",AML RightSource,posted,2026-07-07T03:45:38.324514,228
f06ba6e27f52d675,https://pl.linkedin.com/jobs/view/automatyk-at-cooper-standard-4437170661,Automatyk,Cooper Standard,posted,2026-07-07T03:45:48.448382,230
e81e5d3982c34c3d,https://pl.linkedin.com/jobs/view/junior-collections-specialist-with-finnish-at-deloitte-4422288346,Junior Collections Specialist with Finnish,Deloitte,posted,2026-07-07T03:45:57.649411,232
7f73c6e02b8df1d4,https://pl.linkedin.com/jobs/view/specjalista-ds-rozliczania-um%C3%B3w-najmu-k-m-x-at-grupa-farmacol-4436202458,Specjalista ds. rozliczania umów najmu (K/M/X),,scraped,2026-07-07T03:46:00.370795,
0a0489a44da3af9a,https://pl.linkedin.com/jobs/view/magazynier-k-m-x-at-id-logistics-polska-4436791483,Magazynier (k/m/x),ID Logistics Polska,posted,2026-07-07T03:46:19.128165,234
2364d20753326b40,https://pl.linkedin.com/jobs/view/specjalista-specjalistka-ds-zakup%C3%B3w-indirect-viessmann-legnica-at-viessmann-climate-solutions-4431595348,Specjalista/ Specjalistka ds. zakupów indirect - Viessmann Legnica,,scraped,2026-07-07T03:46:21.757647,
457c19ebea80adc8,https://pl.linkedin.com/jobs/view/kierowca-lawety-k-m-at-aaa-auto-4433931921,Kierowca Lawety k/m,,scraped,2026-07-07T03:46:28.330000,
0f3cc9d2a3d5b351,https://pl.linkedin.com/jobs/view/asystenta-ki-spedytora-mi%C4%99dzynarodowego-at-multilog-4437155529,Asystenta/ki Spedytora Międzynarodowego,MULTILOG,posted,2026-07-07T03:47:22.531176,236
bd422fa58b77c915,https://pl.linkedin.com/jobs/view/magazynier-operator-w%C3%B3zk%C3%B3w-wid%C5%82owych-k-m-at-bosch-4436327452,Magazynier - Operator wózków widłowych (K/M),,scraped,2026-07-07T03:47:25.258035,
58121d88a0dd2b9f,https://pl.linkedin.com/jobs/view/sailpoint-identityiq-consultant-f-m-x-at-sii-poland-4425755999,SailPoint IdentityIQ Consultant (f/m/x),,scraped,2026-07-07T03:47:31.952554,
359d41091733c46d,https://pl.linkedin.com/jobs/view/technik-obiektu-m-k-at-cbre-4435816505,Technik Obiektu (m/k),,scraped,2026-07-07T03:47:39.006050,
395a536f00410b0a,https://pl.linkedin.com/jobs/view/senior-training-education-specialist-at-medtronic-4436416064,Senior Training & Education Specialist,,scraped,2026-07-07T03:47:45.931682,
fde48eea47501f82,https://pl.linkedin.com/jobs/view/land-acquisition-specialist-at-expo-stand-services-4433109545,Land Acquisition Specialist,,scraped,2026-07-07T03:47:53.218239,
14ef4d7f446f7be4,https://pl.linkedin.com/jobs/view/kierowczyni-kierowca-taxi-at-praca-pl-4436902173,Kierowczyni / Kierowca Taxi,,scraped,2026-07-07T03:48:00.495517,
cd4af5c7f87206c6,https://pl.linkedin.com/jobs/view/digital-growth-analytics-sr-director-at-pepsico-4422203756,Digital Growth & Analytics Sr. Director,,scraped,2026-07-07T03:48:07.768056,
055d3874734a8d2a,https://pl.linkedin.com/jobs/view/hr-biznes-partner-hr-biznes-partnerka-at-praca-pl-4436397990,HR Biznes Partner / HR Biznes Partnerka,,scraped,2026-07-07T03:48:14.685693,
a2091096f876ee21,https://pl.linkedin.com/jobs/view/analytics-engineer-at-ig-india-4434616900,Analytics Engineer,,scraped,2026-07-07T03:48:21.746928,
5babfaddff494ae5,https://pl.linkedin.com/jobs/view/m%C5%82odsza-rekruterka-m%C5%82odszy-rekruter-at-praca-pl-4436102228,Młodsza rekruterka / Młodszy rekruter,,scraped,2026-07-07T03:48:28.888407,
3577b6fd9c53fcb0,https://pl.linkedin.com/jobs/view/graficzka-grafik-ds-fotografii-produktowej-at-praca-pl-4436411391,Graficzka / Grafik ds. fotografii produktowej,,scraped,2026-07-07T03:48:36.264928,
9d71ede7daf052de,https://pl.linkedin.com/jobs/view/junior-software-engineer-m-f-d-at-boc-group-4435185872,Junior Software Engineer (m/f/d),BOC Group,posted,2026-07-07T03:48:54.309569,238
1d84a91ae60468d3,https://pl.linkedin.com/jobs/view/solution-architect-at-digital-forms-4436311404,Solution Architect,,scraped,2026-07-07T03:48:56.999226,
5390521329d732f0,https://pl.linkedin.com/jobs/view/kierowczyni-kierowca-taxi-at-praca-pl-4436799242,Kierowczyni / Kierowca Taxi,,scraped,2026-07-07T03:49:04.119350,
f7ecbb9c3abfc642,https://pl.linkedin.com/jobs/view/asystent-asystentka-kierownika-sklepu-at-action-4425280359,Asystent/Asystentka Kierownika Sklepu,,scraped,2026-07-07T03:49:11.412028,
1f5c6707b4bcd293,https://pl.linkedin.com/jobs/view/specjalista-specjalistka-ds-lekcji-pr%C3%B3bnych-i-edukacji-online-at-praca-pl-4435310618,Specjalista / Specjalistka ds. Lekcji Próbnych i Edukacji Online,,scraped,2026-07-07T03:49:19.904609,
d0b002051a327658,https://pl.linkedin.com/jobs/view/zast%C4%99pca-kierownika-sklepu-k-m-x-i-b%C4%99dzin-at-netto-polska-salling-group-4435288650,Zastępca Kierownika Sklepu (k/m/x) I - Będzin,,scraped,2026-07-07T03:49:26.879488,
4b865900da6e7f5f,https://pl.linkedin.com/jobs/view/merchandiser-pomocnik-sklepu-at-ipracujzdalnie-pl-4435021448,MERCHANDISER (pomocnik sklepu),,scraped,2026-07-07T03:49:33.721118,
a7dddff5dd76c682,https://pl.linkedin.com/jobs/view/manager-ka-w-zespole-doradztwa-podatkowego-at-ey-4385096107,Manager_ka w zespole Doradztwa Podatkowego,EY,posted,2026-07-07T03:49:49.725142,240
7a6df1156e445897,https://pl.linkedin.com/jobs/view/inspektor-weterynaryjny-inspektorka-weterynaryjna-at-top-100-kancelarii-4436268993,inspektor weterynaryjny/inspektorka weterynaryjna,TOP 100 KANCELARII,posted,2026-07-07T03:49:56.619556,128
0407f10d2eacf8b9,https://pl.linkedin.com/jobs/view/kontroler-kontrolerka-jako%C5%9Bci-ds-bada%C5%84-nieniszcz%C4%85cych-at-deutsche-bahn-4436480093,kontroler / kontrolerka jakości ds. badań nieniszczących,,scraped,2026-07-07T03:49:59.251287,
037ecdd6d29ad0ef,https://pl.linkedin.com/jobs/view/inspektor-weterynaryjny-inspektorka-weterynaryjna-at-top-100-kancelarii-4435716426,inspektor weterynaryjny/inspektorka weterynaryjna,TOP 100 KANCELARII,posted,2026-07-07T03:50:09.160089,128
b7c93cf46f0b4dcf,https://pl.linkedin.com/jobs/view/engagement-ambassador-with-english-enterprise-managed-services-at-pwc-polska-4426131584,Engagement Ambassador with English | Enterprise Managed Services,,scraped,2026-07-07T03:50:11.807893,
4ffc1e0cec8de2b2,https://pl.linkedin.com/jobs/view/inspektor-weterynaryjny-inspektorka-weterynaryjna-at-top-100-kancelarii-4435022448,inspektor weterynaryjny/inspektorka weterynaryjna,TOP 100 KANCELARII,posted,2026-07-07T03:50:23.740675,128
524f76838f105971,https://pl.linkedin.com/jobs/view/magister-farmacji-na-dy%C5%BCury-katowice-at-praca-farmacja-pl-4435019477,Magister farmacji na dyżury - Katowice,praca.farmacja.pl,posted,2026-07-07T03:50:37.392256,242
3725a41df5752c4f,https://pl.linkedin.com/jobs/view/administrator-systemu-administratorka-systemu-at-top-100-kancelarii-4435293693,administrator systemu/administratorka systemu,TOP 100 KANCELARII,posted,2026-07-07T03:50:59.986523,244
cd6ce8469f9df1ac,https://pl.linkedin.com/jobs/view/technik-farmaceutyczny-k-m-n-hrubiesz%C3%B3w-at-praca-farmacja-pl-4435016526,Technik Farmaceutyczny (k/m/n) - Hrubieszów,praca.farmacja.pl,posted,2026-07-07T03:51:13.084663,246
39b6905214540694,https://pl.linkedin.com/jobs/view/inspektor-inspektorka-ds-ppo%C5%BC-at-praca-pl-4436799246,Inspektor / Inspektorka ds. ppoż,,scraped,2026-07-07T03:51:15.750152,
bef1bcad1ada4b3c,https://pl.linkedin.com/jobs/view/starszy-specjalista-starsza-specjalistka-ds-benefit%C3%B3w-i-%C5%9Bwiadcze%C5%84-pracowniczych-at-pratt-whitney-4428357078,Starszy Specjalista / Starsza Specjalistka ds. Benefitów i Świadczeń Pracowniczych,Pratt &amp; Whitney,posted,2026-07-07T03:51:33.658393,248
8942927722872fc7,https://pl.linkedin.com/jobs/view/kierowca-k-m-at-%C5%82%C3%B3dzki-klaster-ict-4435298566,KIEROWCA K/M,Łódzki Klaster ICT,posted,2026-07-07T03:52:20.794597,250
17ede070749a8217,https://pl.linkedin.com/jobs/view/inspektor-weterynaryjny-inspektorka-weterynaryjna-at-top-100-kancelarii-4435290731,inspektor weterynaryjny/inspektorka weterynaryjna,TOP 100 KANCELARII,posted,2026-07-07T03:52:25.927705,128
065e9f7ba25ea50d,https://pl.linkedin.com/jobs/view/pracownik-pracownica-sklepu-at-action-4435241439,Pracownik/Pracownica Sklepu,,scraped,2026-07-07T03:52:28.464774,
cc582f7448c8535e,https://pl.linkedin.com/jobs/view/immigration-specialist-at-epam-systems-4433921566,Immigration Specialist,EPAM Systems,scraped,2026-07-07T03:52:37.026071,
